target_rmse,target_mae
1530809.9985416073,926218.8693491046
1577086.4000107446,927990.6993419054
1181554.0310661297,779293.1696585559
1329938.6171807437,952897.5149573374
1271416.735147878,897571.6118326823
1368034.850736815,930254.4519562525
1271276.260802654,763262.7282687412
1086192.0023163946,795367.8564673817
1391947.6349863,912276.2791946766
1089499.9974693009,816685.6545904012
