target_rmse,target_mae
1332579.38269882,785185.0394870924
1516269.20966169,839290.776770499
1428563.0722169902,806407.9720419607
1555810.7321835407,917362.4405266749
1298952.3248424544,856014.1458997661
1410410.9178125774,828871.9150751102
1756950.6785669618,941734.9307069521
1882680.9849009619,1047933.4574645136
1479753.4302850554,851246.8117366382
1473967.2401264734,899476.7384727527
