target_rmse,target_mae
1093079.7727827812,680335.812331543
944538.7284871134,653150.8872919922
912127.0958634526,604872.6634106445
1142434.9290869003,783624.028223877
1098781.5692642028,736617.1657617188
1220056.499652485,817159.8351452637
884143.9542188041,600975.8612231446
1086680.0846717546,711092.9166894532
1030160.5203854439,719587.280880127
873047.5010237434,584485.8066132325
