target_rmse,target_mae
901530.7517696025,585360.3766725768
888715.077254757,665372.2829256478
1092175.8858676045,708190.06792437
966466.8062945115,698879.519706703
997101.6623789577,637568.4358101801
989364.4610213042,657137.1232172274
1002368.970006242,671317.7652767826
1445927.5581981675,874457.951469888
1356747.4641847026,802996.596250604
787575.333543476,564489.9083333155
