target_rmse,target_mae
1313286.2623065745,837701.4340576172
1036716.1377900833,694286.1297045898
1155845.222758102,774744.0562064941
1136979.5305177956,737296.1192016602
1170890.0138009102,777948.7393896484
1268566.902463033,808383.1746948243
783421.845240717,572776.4720458497
826295.5654520126,547207.9573944825
1150142.5848249665,722489.6375463867
1372560.4570910246,714956.6113510254
