target_rmse,target_mae
1167578.8833517667,883154.7109467245
1189836.2265753194,884190.3699607616
1085643.45478976,839089.1429138395
1117698.049226413,884847.5960049641
999440.1929674664,787619.4236121875
1221740.7009704656,900287.4883190369
1182036.412552299,896617.3535323457
1174398.8570287568,864832.4257169319
1307858.952890484,955837.1467222495
1467813.039357251,1012110.4445027382
