target_rmse,target_mae
906178.5714374018,624401.4355863454
1169269.3969986693,687900.4931659744
949474.3775320023,645605.6784748272
911771.1536003458,617931.1714412087
1093864.6587985496,696829.832516165
1000388.1423780048,634139.2858661843
954929.2591829443,547143.1956925772
1089785.2666271816,707495.5951676823
984771.0908008326,740867.4439977913
1041596.4446421654,641675.987647347
